TIME,NS1_FLOW [m^3 s^-1],NS1_SALT_FLUX [psu m^3 s^-1],NS1_TEMP_FLUX [degrees celsius m^3 s^-1],NS2_FLOW [m^3 s^-1],NS2_SALT_FLUX [psu m^3 s^-1],NS2_TEMP_FLUX [degrees celsius m^3 s^-1]
01/05/2011 00:00:00,  0.0000000E+00,  0.0000000E+00,  0.0000000E+00,  0.0000000E+00,  0.0000000E+00,  0.0000000E+00
01/05/2011 00:15:20,  0.2000001E+02,  0.0000000E+00,  0.2000001E+03,  0.1778770E+03,  0.6225695E+04,  0.3557540E+04
01/05/2011 00:30:44,  0.2000008E+02,  0.0000000E+00,  0.2000008E+03,  0.7480698E+02,  0.2621877E+04,  0.1496140E+04
01/05/2011 00:45:22,  0.2000008E+02, -0.1250471E+00,  0.1998757E+03, -0.7062588E+02, -0.1943765E+04, -0.1411838E+04
01/05/2011 01:00:16,  0.2000003E+02, -0.6188635E+00,  0.1993815E+03, -0.2163878E+03, -0.5127578E+04, -0.4322764E+04
01/05/2011 01:15:32,  0.2000004E+02, -0.1270563E+01,  0.1987299E+03, -0.2344464E+03, -0.4341684E+04, -0.4680350E+04
01/05/2011 01:30:06,  0.2000004E+02, -0.1826709E+01,  0.1981740E+03, -0.2749152E+03, -0.4005676E+04, -0.5484810E+04
01/05/2011 01:45:19,  0.2000008E+02, -0.1987312E+01,  0.1980140E+03, -0.2403482E+03, -0.2932829E+04, -0.4792012E+04
01/05/2011 02:00:14,  0.2000006E+02, -0.2027053E+01,  0.1979743E+03, -0.1294013E+03, -0.1401819E+04, -0.2577502E+04
01/05/2011 02:15:10,  0.1999996E+02, -0.2009746E+01,  0.1979907E+03, -0.8433407E+01,  0.5136650E+03, -0.1650126E+03
01/05/2011 02:30:07,  0.2000001E+02, -0.1886271E+01,  0.1981148E+03,  0.4042175E+02,  0.1585770E+04,  0.8094158E+03
01/05/2011 02:45:25,  0.2000012E+02, -0.1739160E+01,  0.1982631E+03,  0.9713276E+01,  0.6923616E+03,  0.1963146E+03
01/05/2011 03:00:22,  0.2000002E+02, -0.1685202E+01,  0.1983162E+03, -0.4539536E+02, -0.5442428E+03, -0.9017723E+03
01/05/2011 03:15:22,  0.2000010E+02, -0.1711999E+01,  0.1982903E+03, -0.7822208E+02, -0.1104402E+04, -0.1554975E+04
01/05/2011 03:30:09,  0.2000006E+02, -0.1717586E+01,  0.1982845E+03, -0.9742201E+02, -0.1360012E+04, -0.1936411E+04
01/05/2011 03:45:05,  0.2000008E+02, -0.1680683E+01,  0.1983218E+03, -0.1004445E+03, -0.1332624E+04, -0.1995763E+04
01/05/2011 04:00:30,  0.2000002E+02, -0.1610046E+01,  0.1983920E+03, -0.6702224E+02, -0.7960285E+03, -0.1330270E+04
01/05/2011 04:15:44,  0.2000005E+02, -0.1549516E+01,  0.1984529E+03,  0.1599343E+02,  0.8244457E+03,  0.3220643E+03
01/05/2011 04:30:07,  0.2000003E+02, -0.1496857E+01,  0.1985055E+03,  0.8176721E+02,  0.2861853E+04,  0.1635344E+04
01/05/2011 04:45:42,  0.2000007E+02, -0.1424767E+01,  0.1985781E+03,  0.1008888E+03,  0.3531106E+04,  0.2017776E+04
01/05/2011 05:00:21,  0.2000005E+02, -0.1342574E+01,  0.1986601E+03,  0.8360027E+02,  0.2926010E+04,  0.1672005E+04
01/05/2011 05:15:07,  0.2000003E+02, -0.1319698E+01,  0.1986828E+03,  0.7471965E+02,  0.2615188E+04,  0.1494393E+04
01/05/2011 05:30:13,  0.2000006E+02, -0.1325965E+01,  0.1986769E+03,  0.6537650E+02,  0.2288177E+04,  0.1307530E+04
01/05/2011 05:45:15,  0.2000012E+02, -0.1324524E+01,  0.1986790E+03,  0.4779675E+02,  0.1672886E+04,  0.9559351E+03
01/05/2011 06:00:19,  0.2000009E+02, -0.1298822E+01,  0.1987045E+03,  0.4245761E+02,  0.1486017E+04,  0.8491522E+03
01/05/2011 06:15:34,  0.2000004E+02, -0.1286829E+01,  0.1987160E+03,  0.7384489E+02,  0.2584571E+04,  0.1476897E+04
01/05/2011 06:30:00,  0.2000007E+02, -0.1285668E+01,  0.1987174E+03,  0.1178395E+03,  0.4124383E+04,  0.2356791E+04
01/05/2011 06:45:13,  0.2000007E+02, -0.1281158E+01,  0.1987219E+03,  0.1377223E+03,  0.4820280E+04,  0.2754446E+04
01/05/2011 07:01:00,  0.2000005E+02, -0.1269792E+01,  0.1987331E+03,  0.1321013E+03,  0.4623547E+04,  0.2642027E+04
01/05/2011 07:15:33,  0.2000006E+02, -0.1276432E+01,  0.1987266E+03,  0.1152176E+03,  0.4032616E+04,  0.2304352E+04
01/05/2011 07:30:33,  0.2000007E+02, -0.1307254E+01,  0.1986959E+03,  0.9670679E+02,  0.3384738E+04,  0.1934136E+04
01/05/2011 07:45:43,  0.2000002E+02, -0.1347079E+01,  0.1986555E+03,  0.7342567E+02,  0.2570166E+04,  0.1468514E+04
01/05/2011 08:00:59,  0.2000005E+02, -0.1388475E+01,  0.1986145E+03,  0.5671182E+02,  0.1985502E+04,  0.1134239E+04
01/05/2011 08:15:02,  0.2000007E+02, -0.1431274E+01,  0.1985719E+03,  0.4767170E+02,  0.1669465E+04,  0.9534377E+03
01/05/2011 08:30:04,  0.2000011E+02, -0.1485484E+01,  0.1985182E+03,  0.5470065E+02,  0.1915091E+04,  0.1094015E+04
01/05/2011 08:45:54,  0.2000002E+02, -0.1541736E+01,  0.1984611E+03,  0.6043458E+02,  0.2115588E+04,  0.1208693E+04
01/05/2011 09:00:36,  0.2000007E+02, -0.1604904E+01,  0.1983986E+03,  0.6185359E+02,  0.2165167E+04,  0.1237073E+04
01/05/2011 09:15:27,  0.2000006E+02, -0.1670717E+01,  0.1983328E+03,  0.3509211E+02,  0.1229822E+04,  0.7018503E+03
01/05/2011 09:30:23,  0.2000004E+02, -0.1754963E+01,  0.1982485E+03, -0.9728987E+00, -0.2822690E+02, -0.1942067E+02
01/05/2011 09:45:28,  0.2000008E+02, -0.1853766E+01,  0.1981504E+03, -0.2404629E+02, -0.8294320E+03, -0.4808048E+03
01/05/2011 10:00:28,  0.2000006E+02, -0.1955620E+01,  0.1980485E+03, -0.3315449E+02, -0.1141418E+04, -0.6628609E+03
01/05/2011 10:15:15,  0.2000015E+02, -0.2015080E+01,  0.1979900E+03, -0.4713176E+02, -0.1618417E+04, -0.9419971E+03
01/05/2011 10:30:24,  0.2000008E+02, -0.2029372E+01,  0.1979749E+03, -0.5797523E+02, -0.1980436E+04, -0.1158257E+04
01/05/2011 10:45:41,  0.2000004E+02, -0.2025616E+01,  0.1979783E+03, -0.4921487E+02, -0.1669999E+04, -0.9830352E+03
01/05/2011 11:00:32,  0.2000009E+02, -0.2039682E+01,  0.1979645E+03, -0.3771073E+02, -0.1271188E+04, -0.7531732E+03
01/05/2011 11:15:04,  0.2000010E+02, -0.1971971E+01,  0.1980318E+03, -0.7146993E+02, -0.2396435E+04, -0.1426595E+04
01/05/2011 11:30:12,  0.1999998E+02, -0.1835875E+01,  0.1981663E+03, -0.1221293E+03, -0.4038216E+04, -0.2436234E+04
01/05/2011 11:45:13,  0.1999996E+02, -0.1742537E+01,  0.1982590E+03, -0.1481341E+03, -0.4781346E+04, -0.2952797E+04
01/05/2011 12:00:15,  0.1999997E+02, -0.1669056E+01,  0.1983320E+03, -0.1489220E+03, -0.4657553E+04, -0.2966229E+04
01/05/2011 12:15:11,  0.2000007E+02, -0.1537061E+01,  0.1984645E+03, -0.1451583E+03, -0.4359056E+04, -0.2889046E+04
01/05/2011 12:30:12,  0.2000002E+02, -0.1291389E+01,  0.1987090E+03, -0.1388493E+03, -0.3968170E+04, -0.2761531E+04
01/05/2011 12:45:01,  0.1999993E+02, -0.1082409E+01,  0.1989166E+03, -0.1136598E+03, -0.3094751E+04, -0.2259245E+04
01/05/2011 13:00:21,  0.2000002E+02, -0.8924817E+00,  0.1991069E+03, -0.9299547E+02, -0.2415054E+04, -0.1847703E+04
01/05/2011 13:15:40,  0.2000006E+02, -0.7225718E+00,  0.1992768E+03, -0.9025661E+02, -0.2244786E+04, -0.1792797E+04
01/05/2011 13:30:08,  0.2000008E+02, -0.5350784E+00,  0.1994644E+03, -0.1137891E+03, -0.2698611E+04, -0.2259636E+04
01/05/2011 13:45:28,  0.2000007E+02, -0.4148226E+00,  0.1995842E+03, -0.1285168E+03, -0.2880049E+04, -0.2551229E+04
01/05/2011 14:00:48,  0.2000001E+02, -0.3302597E+00,  0.1996678E+03, -0.1335093E+03, -0.2812541E+04, -0.2649464E+04
01/05/2011 14:15:03,  0.2000006E+02, -0.2577721E+00,  0.1997406E+03, -0.1259263E+03, -0.2493503E+04, -0.2498372E+04
01/05/2011 14:30:13,  0.2000007E+02, -0.1670684E+00,  0.1998316E+03, -0.1088292E+03, -0.2034507E+04, -0.2159021E+04
01/05/2011 14:45:43,  0.2000005E+02, -0.1087723E+00,  0.1998898E+03, -0.8796416E+02, -0.1563551E+04, -0.1745183E+04
01/05/2011 15:00:25,  0.2000003E+02, -0.7442886E-01,  0.1999239E+03, -0.7129148E+02, -0.1215852E+04, -0.1414582E+04
01/05/2011 15:15:07,  0.2000002E+02, -0.5771459E-01,  0.1999404E+03, -0.4586071E+02, -0.7261364E+03, -0.9099583E+03
01/05/2011 15:30:07,  0.1999999E+02, -0.2472533E-01,  0.1999740E+03, -0.2768322E+02, -0.3709570E+03, -0.5489796E+03
01/05/2011 15:45:25,  0.2000010E+02, -0.1356993E-01,  0.1999865E+03, -0.2741080E+02, -0.3765037E+03, -0.5438105E+03
01/05/2011 16:00:47,  0.2000006E+02, -0.9809982E-02,  0.1999898E+03, -0.3586186E+02, -0.5426207E+03, -0.7119484E+03
01/05/2011 16:15:49,  0.2000002E+02, -0.7682438E-02,  0.1999915E+03, -0.2015784E+02, -0.2388421E+03, -0.3998561E+03
01/05/2011 16:30:08,  0.2000006E+02, -0.1672026E-02,  0.1999986E+03,  0.6376371E+01,  0.3426880E+03,  0.1283242E+03
01/05/2011 16:45:02,  0.1999984E+02, -0.6500675E-03,  0.1999976E+03,  0.2137207E+02,  0.7591099E+03,  0.4275231E+03
01/05/2011 17:00:13,  0.2000009E+02, -0.4492297E-03,  0.2000004E+03,  0.2687247E+02,  0.9407869E+03,  0.5374512E+03
01/05/2011 17:15:04,  0.2000008E+02, -0.3713015E-03,  0.2000002E+03,  0.4883924E+02,  0.1709373E+04,  0.9767850E+03
01/05/2011 17:30:29,  0.2000003E+02,  0.0000000E+00,  0.2000003E+03,  0.7708858E+02,  0.2698100E+04,  0.1541772E+04
01/05/2011 17:45:25,  0.2000004E+02,  0.0000000E+00,  0.2000005E+03,  0.8020230E+02,  0.2807080E+04,  0.1604046E+04
01/05/2011 18:00:44,  0.2000001E+02,  0.0000000E+00,  0.2000001E+03,  0.6898669E+02,  0.2414534E+04,  0.1379734E+04
01/05/2011 18:15:18,  0.2000001E+02,  0.0000000E+00,  0.2000001E+03,  0.7723801E+02,  0.2703331E+04,  0.1544760E+04
01/05/2011 18:30:04,  0.1999998E+02,  0.0000000E+00,  0.1999998E+03,  0.9952664E+02,  0.3483432E+04,  0.1990533E+04
01/05/2011 18:45:06,  0.2000004E+02,  0.0000000E+00,  0.2000005E+03,  0.1080817E+03,  0.3782859E+04,  0.2161634E+04
01/05/2011 19:00:22,  0.2000003E+02,  0.0000000E+00,  0.2000003E+03,  0.1058483E+03,  0.3704691E+04,  0.2116967E+04
01/05/2011 19:16:06,  0.2000008E+02,  0.0000000E+00,  0.2000008E+03,  0.1059492E+03,  0.3708222E+04,  0.2118984E+04
01/05/2011 19:31:05,  0.2000009E+02,  0.0000000E+00,  0.2000009E+03,  0.1091706E+03,  0.3820972E+04,  0.2183413E+04
01/05/2011 19:45:02,  0.2000010E+02,  0.0000000E+00,  0.2000010E+03,  0.1011619E+03,  0.3540666E+04,  0.2023238E+04
01/05/2011 20:00:28,  0.2000008E+02,  0.0000000E+00,  0.2000008E+03,  0.8546912E+02,  0.2991419E+04,  0.1709383E+04
01/05/2011 20:15:16,  0.2000009E+02,  0.0000000E+00,  0.2000009E+03,  0.7009446E+02,  0.2453306E+04,  0.1401889E+04
01/05/2011 20:30:39,  0.2000007E+02,  0.0000000E+00,  0.2000007E+03,  0.6085569E+02,  0.2129949E+04,  0.1217114E+04
01/05/2011 20:45:11,  0.2000006E+02,  0.0000000E+00,  0.2000006E+03,  0.5726213E+02,  0.2004174E+04,  0.1145242E+04
01/05/2011 21:00:02,  0.2000007E+02,  0.0000000E+00,  0.2000006E+03,  0.5368529E+02,  0.1878985E+04,  0.1073706E+04
01/05/2011 21:16:20,  0.2000005E+02,  0.0000000E+00,  0.2000005E+03,  0.3421156E+02,  0.1197405E+04,  0.6842314E+03
01/05/2011 21:30:06,  0.2000004E+02,  0.0000000E+00,  0.2000004E+03,  0.1235112E+02,  0.4325909E+03,  0.2471534E+03
01/05/2011 21:45:01,  0.2000008E+02,  0.0000000E+00,  0.2000009E+03,  0.1308638E+01,  0.4660191E+02,  0.2651130E+02
01/05/2011 22:00:06,  0.1999999E+02,  0.0000000E+00,  0.1999999E+03, -0.2805897E+01, -0.9706697E+02, -0.5556786E+02
01/05/2011 22:15:29,  0.2000014E+02,  0.0000000E+00,  0.2000014E+03, -0.3435293E+02, -0.1196687E+04, -0.6845859E+03
01/05/2011 22:30:40,  0.2000004E+02,  0.0000000E+00,  0.2000004E+03, -0.6806187E+02, -0.2364070E+04, -0.1355695E+04
01/05/2011 22:45:57,  0.2000001E+02,  0.0000000E+00,  0.2000001E+03, -0.7919731E+02, -0.2734421E+04, -0.1576104E+04
01/05/2011 23:00:03,  0.2000006E+02,  0.0000000E+00,  0.2000007E+03, -0.7523796E+02, -0.2577441E+04, -0.1495889E+04
01/05/2011 23:15:48,  0.2000002E+02,  0.0000000E+00,  0.2000002E+03, -0.9382413E+02, -0.3176974E+04, -0.1863833E+04
01/05/2011 23:30:31,  0.1999997E+02,  0.0000000E+00,  0.1999997E+03, -0.1194438E+03, -0.3966321E+04, -0.2370416E+04
01/05/2011 23:45:08,  0.2000002E+02,  0.0000000E+00,  0.2000002E+03, -0.1243802E+03, -0.4018147E+04, -0.2465522E+04
02/05/2011 00:00:06,  0.2000007E+02,  0.0000000E+00,  0.2000007E+03, -0.1179988E+03, -0.3683597E+04, -0.2336204E+04
02/05/2011 00:15:24,  0.1999998E+02,  0.0000000E+00,  0.1999998E+03, -0.1242673E+03, -0.3739089E+04, -0.2457844E+04
02/05/2011 00:30:24,  0.2000000E+02,  0.0000000E+00,  0.2000000E+03, -0.1421439E+03, -0.4074280E+04, -0.2808399E+04
02/05/2011 00:45:16,  0.1999994E+02,  0.0000000E+00,  0.1999994E+03, -0.1481510E+03, -0.3994805E+04, -0.2923689E+04
02/05/2011 01:00:57,  0.1999996E+02,  0.0000000E+00,  0.1999996E+03, -0.1374700E+03, -0.3474665E+04, -0.2709871E+04
02/05/2011 01:15:08,  0.2000000E+02,  0.0000000E+00,  0.2000000E+03, -0.1400128E+03, -0.3320563E+04, -0.2757235E+04
02/05/2011 01:30:19,  0.2000005E+02,  0.0000000E+00,  0.2000005E+03, -0.1420998E+03, -0.3152902E+04, -0.2795733E+04
02/05/2011 01:45:31,  0.1999999E+02,  0.0000000E+00,  0.1999999E+03, -0.1382095E+03, -0.2864228E+04, -0.2716749E+04
02/05/2011 02:00:13,  0.2000001E+02,  0.0000000E+00,  0.2000001E+03, -0.1269203E+03, -0.2475949E+04, -0.2492867E+04
02/05/2011 02:15:32,  0.2000003E+02,  0.0000000E+00,  0.2000003E+03, -0.1189936E+03, -0.2185354E+04, -0.2335180E+04
02/05/2011 02:30:02,  0.2000010E+02,  0.0000000E+00,  0.2000010E+03, -0.1170765E+03, -0.2042147E+04, -0.2295741E+04
02/05/2011 02:45:53,  0.2000006E+02,  0.0000000E+00,  0.2000006E+03, -0.1109466E+03, -0.1841856E+04, -0.2173941E+04
02/05/2011 03:00:32,  0.2000009E+02,  0.0000000E+00,  0.2000009E+03, -0.1088416E+03, -0.1728356E+04, -0.2131005E+04
02/05/2011 03:15:02,  0.2000006E+02,  0.0000000E+00,  0.2000006E+03, -0.9431129E+02, -0.1434312E+04, -0.1845264E+04
02/05/2011 03:30:02,  0.2000008E+02,  0.0000000E+00,  0.2000008E+03, -0.7792140E+02, -0.1142250E+04, -0.1523752E+04
02/05/2011 03:45:08,  0.2000004E+02,  0.0000000E+00,  0.2000004E+03, -0.6780814E+02, -0.9647075E+03, -0.1325221E+04
02/05/2011 04:00:25,  0.2000017E+02,  0.0000000E+00,  0.2000016E+03, -0.6365622E+02, -0.8852045E+03, -0.1243224E+04
02/05/2011 04:15:37,  0.2000006E+02,  0.0000000E+00,  0.2000006E+03, -0.3976571E+02, -0.5102923E+03, -0.7758248E+03
02/05/2011 04:30:17,  0.1999999E+02,  0.0000000E+00,  0.1999999E+03, -0.1358551E+02, -0.6871915E+02, -0.2628185E+03
02/05/2011 04:45:48,  0.2000009E+02,  0.0000000E+00,  0.2000008E+03, -0.1748182E+01,  0.1452376E+03, -0.3051705E+02
02/05/2011 05:00:24,  0.2000007E+02,  0.0000000E+00,  0.2000008E+03, -0.2140551E+01,  0.1159296E+03, -0.3864744E+02
02/05/2011 05:15:46,  0.2000008E+02,  0.0000000E+00,  0.2000007E+03,  0.1959219E+02,  0.6977567E+03,  0.3921211E+03
02/05/2011 05:30:38,  0.1999993E+02,  0.0000000E+00,  0.1999993E+03,  0.4779825E+02,  0.1672939E+04,  0.9559650E+03
02/05/2011 05:45:51,  0.2000004E+02,  0.0000000E+00,  0.2000004E+03,  0.5583108E+02,  0.1954088E+04,  0.1116622E+04
02/05/2011 06:00:36,  0.2000009E+02,  0.0000000E+00,  0.2000009E+03,  0.5138344E+02,  0.1798420E+04,  0.1027669E+04
02/05/2011 06:15:15,  0.2000004E+02,  0.0000000E+00,  0.2000004E+03,  0.7078646E+02,  0.2477525E+04,  0.1415729E+04
02/05/2011 06:30:21,  0.1999998E+02,  0.0000000E+00,  0.1999997E+03,  0.9525834E+02,  0.3334042E+04,  0.1905167E+04
02/05/2011 06:45:04,  0.2000005E+02,  0.0000000E+00,  0.2000005E+03,  0.9824401E+02,  0.3438540E+04,  0.1964880E+04
02/05/2011 07:00:13,  0.2000003E+02,  0.0000000E+00,  0.2000003E+03,  0.8987315E+02,  0.3145560E+04,  0.1797463E+04
02/05/2011 07:15:45,  0.2000007E+02,  0.0000000E+00,  0.2000007E+03,  0.9710453E+02,  0.3398658E+04,  0.1942090E+04
02/05/2011 07:30:44,  0.2000000E+02,  0.0000000E+00,  0.2000000E+03,  0.1139675E+03,  0.3988864E+04,  0.2279351E+04
02/05/2011 07:45:54,  0.2000005E+02,  0.0000000E+00,  0.2000005E+03,  0.1166350E+03,  0.4082226E+04,  0.2332701E+04
02/05/2011 08:00:10,  0.2000007E+02,  0.0000000E+00,  0.2000007E+03,  0.1096086E+03,  0.3836301E+04,  0.2192172E+04
02/05/2011 08:16:02,  0.2000012E+02,  0.0000000E+00,  0.2000012E+03,  0.1032649E+03,  0.3614273E+04,  0.2065299E+04
02/05/2011 08:31:04,  0.2000009E+02,  0.0000000E+00,  0.2000009E+03,  0.1031730E+03,  0.3611055E+04,  0.2063460E+04
02/05/2011 08:45:07,  0.2000008E+02,  0.0000000E+00,  0.2000008E+03,  0.9727187E+02,  0.3404516E+04,  0.1945437E+04
02/05/2011 09:00:36,  0.2000009E+02,  0.0000000E+00,  0.2000009E+03,  0.8672459E+02,  0.3035361E+04,  0.1734492E+04
02/05/2011 09:16:09,  0.2000003E+02,  0.0000000E+00,  0.2000003E+03,  0.6781207E+02,  0.2373422E+04,  0.1356241E+04
02/05/2011 09:30:49,  0.2000013E+02,  0.0000000E+00,  0.2000013E+03,  0.5313100E+02,  0.1859585E+04,  0.1062620E+04
02/05/2011 09:45:52,  0.2000007E+02,  0.0000000E+00,  0.2000007E+03,  0.4359570E+02,  0.1525885E+04,  0.8719332E+03
02/05/2011 10:00:52,  0.2000000E+02,  0.0000000E+00,  0.2000000E+03,  0.3944574E+02,  0.1380651E+04,  0.7889425E+03
02/05/2011 10:15:52,  0.2000007E+02,  0.0000000E+00,  0.2000007E+03,  0.1952310E+02,  0.6836816E+03,  0.3906477E+03
02/05/2011 10:30:55,  0.2000007E+02,  0.0000000E+00,  0.2000007E+03, -0.3370510E+01, -0.1166125E+03, -0.6672853E+02
02/05/2011 10:45:06,  0.2000009E+02,  0.0000000E+00,  0.2000009E+03, -0.1014376E+02, -0.3528503E+03, -0.2018798E+03
02/05/2011 11:00:58,  0.1999997E+02,  0.0000000E+00,  0.1999997E+03, -0.8658607E+01, -0.3005347E+03, -0.1721507E+03
02/05/2011 11:16:06,  0.2000011E+02,  0.0000000E+00,  0.2000011E+03, -0.3714962E+02, -0.1293178E+04, -0.7405359E+03
02/05/2011 11:31:11,  0.2000007E+02,  0.0000000E+00,  0.2000007E+03, -0.7330945E+02, -0.2546586E+04, -0.1461348E+04
02/05/2011 11:45:34,  0.2000000E+02,  0.0000000E+00,  0.2000000E+03, -0.8768900E+02, -0.3031059E+04, -0.1747092E+04
02/05/2011 12:00:15,  0.2000005E+02,  0.0000000E+00,  0.2000005E+03, -0.8563043E+02, -0.2937644E+04, -0.1704903E+04
02/05/2011 12:15:20,  0.2000011E+02,  0.0000000E+00,  0.2000011E+03, -0.1062360E+03, -0.3605625E+04, -0.2113700E+04
02/05/2011 12:30:15,  0.2000003E+02,  0.0000000E+00,  0.2000003E+03, -0.1284403E+03, -0.4285211E+04, -0.2552871E+04
02/05/2011 12:45:10,  0.2000007E+02,  0.0000000E+00,  0.2000007E+03, -0.1315383E+03, -0.4270761E+04, -0.2610599E+04
02/05/2011 13:00:31,  0.2000004E+02,  0.0000000E+00,  0.2000004E+03, -0.1165939E+03, -0.3673046E+04, -0.2310708E+04
02/05/2011 13:15:38,  0.2000004E+02,  0.0000000E+00,  0.2000005E+03, -0.1187091E+03, -0.3613200E+04, -0.2349292E+04
02/05/2011 13:30:09,  0.2000010E+02,  0.0000000E+00,  0.2000010E+03, -0.1360964E+03, -0.3966200E+04, -0.2688856E+04
02/05/2011 13:45:06,  0.2000001E+02,  0.0000000E+00,  0.2000001E+03, -0.1356109E+03, -0.3760806E+04, -0.2674525E+04
02/05/2011 14:00:37,  0.2000002E+02,  0.0000000E+00,  0.2000002E+03, -0.1319381E+03, -0.3446490E+04, -0.2596963E+04
02/05/2011 14:15:09,  0.2000003E+02,  0.0000000E+00,  0.2000003E+03, -0.1228060E+03, -0.3031109E+04, -0.2413162E+04
02/05/2011 14:30:24,  0.1999995E+02,  0.0000000E+00,  0.1999995E+03, -0.1153090E+03, -0.2690367E+04, -0.2262352E+04
02/05/2011 14:45:25,  0.2000000E+02,  0.0000000E+00,  0.1999999E+03, -0.1056432E+03, -0.2338040E+04, -0.2069949E+04
02/05/2011 15:00:27,  0.2000011E+02,  0.0000000E+00,  0.2000011E+03, -0.9246686E+02, -0.1949974E+04, -0.1809766E+04
02/05/2011 15:16:00,  0.2000002E+02,  0.0000000E+00,  0.2000003E+03, -0.7810077E+02, -0.1574769E+04, -0.1527196E+04
02/05/2011 15:30:23,  0.2000000E+02,  0.0000000E+00,  0.2000000E+03, -0.7275706E+02, -0.1415743E+04, -0.1421627E+04
02/05/2011 15:45:55,  0.2000001E+02,  0.0000000E+00,  0.2000001E+03, -0.7512684E+02, -0.1411579E+04, -0.1466678E+04
02/05/2011 16:00:21,  0.2000008E+02,  0.0000000E+00,  0.2000008E+03, -0.8017149E+02, -0.1455502E+04, -0.1563805E+04
02/05/2011 16:15:41,  0.2000000E+02,  0.0000000E+00,  0.2000000E+03, -0.6323080E+02, -0.1099777E+04, -0.1232530E+04
02/05/2011 16:30:51,  0.1999998E+02,  0.0000000E+00,  0.1999998E+03, -0.4422792E+02, -0.7339607E+03, -0.8615321E+03
02/05/2011 16:45:18,  0.2000006E+02,  0.0000000E+00,  0.2000006E+03, -0.3344040E+02, -0.5232335E+03, -0.6505914E+03
02/05/2011 17:00:55,  0.2000004E+02,  0.0000000E+00,  0.2000004E+03, -0.2881611E+02, -0.4356367E+03, -0.5601682E+03
02/05/2011 17:15:36,  0.1999997E+02,  0.0000000E+00,  0.1999996E+03, -0.2928356E+01,  0.9495732E+02, -0.5315693E+02
02/05/2011 17:30:02,  0.2000005E+02,  0.0000000E+00,  0.2000005E+03,  0.2625350E+02,  0.9188725E+03,  0.5250701E+03
02/05/2011 17:45:51,  0.2000011E+02,  0.0000000E+00,  0.2000011E+03,  0.3364964E+02,  0.1177738E+04,  0.6729928E+03
02/05/2011 18:00:42,  0.2000008E+02,  0.0000000E+00,  0.2000009E+03,  0.2911809E+02,  0.1019133E+04,  0.5823618E+03
02/05/2011 18:15:55,  0.2000005E+02,  0.0000000E+00,  0.2000005E+03,  0.4696889E+02,  0.1643911E+04,  0.9393777E+03
02/05/2011 18:30:05,  0.2000000E+02,  0.0000000E+00,  0.2000001E+03,  0.7541515E+02,  0.2639530E+04,  0.1508303E+04
02/05/2011 18:45:24,  0.2000003E+02,  0.0000000E+00,  0.2000003E+03,  0.8021280E+02,  0.2807448E+04,  0.1604256E+04
02/05/2011 19:00:23,  0.2000015E+02,  0.0000000E+00,  0.2000015E+03,  0.7515812E+02,  0.2630534E+04,  0.1503162E+04
02/05/2011 19:15:07,  0.2000008E+02,  0.0000000E+00,  0.2000008E+03,  0.8466798E+02,  0.2963380E+04,  0.1693360E+04
02/05/2011 19:30:29,  0.2000004E+02,  0.0000000E+00,  0.2000004E+03,  0.1052316E+03,  0.3683106E+04,  0.2104632E+04
02/05/2011 19:46:00,  0.2000007E+02,  0.0000000E+00,  0.2000007E+03,  0.1062169E+03,  0.3717592E+04,  0.2124338E+04
02/05/2011 20:00:33,  0.2000007E+02,  0.0000000E+00,  0.2000007E+03,  0.9544891E+02,  0.3340711E+04,  0.1908978E+04
02/05/2011 20:15:30,  0.2000012E+02,  0.0000000E+00,  0.2000012E+03,  0.9192854E+02,  0.3217498E+04,  0.1838571E+04
02/05/2011 20:30:48,  0.2000008E+02,  0.0000000E+00,  0.2000008E+03,  0.9747105E+02,  0.3411487E+04,  0.1949421E+04
02/05/2011 20:45:00,  0.2000010E+02,  0.0000000E+00,  0.2000009E+03,  0.9553291E+02,  0.3343652E+04,  0.1910658E+04
02/05/2011 21:00:45,  0.2000009E+02,  0.0000000E+00,  0.2000009E+03,  0.8987812E+02,  0.3145734E+04,  0.1797562E+04
02/05/2011 21:15:42,  0.2000006E+02,  0.0000000E+00,  0.2000007E+03,  0.7280034E+02,  0.2548012E+04,  0.1456007E+04
02/05/2011 21:30:25,  0.2000004E+02,  0.0000000E+00,  0.2000004E+03,  0.6084715E+02,  0.2129650E+04,  0.1216943E+04
02/05/2011 21:45:32,  0.2000008E+02,  0.0000000E+00,  0.2000009E+03,  0.4897280E+02,  0.1714048E+04,  0.9794559E+03
02/05/2011 22:00:44,  0.2000003E+02,  0.0000000E+00,  0.2000004E+03,  0.4276716E+02,  0.1496851E+04,  0.8553432E+03
02/05/2011 22:16:14,  0.2000002E+02,  0.0000000E+00,  0.2000001E+03,  0.1443466E+02,  0.5055758E+03,  0.2887624E+03
02/05/2011 22:30:39,  0.2000005E+02,  0.0000000E+00,  0.2000005E+03, -0.1321167E+02, -0.4598804E+03, -0.2636936E+03
02/05/2011 22:45:27,  0.2000005E+02,  0.0000000E+00,  0.2000005E+03, -0.2491527E+02, -0.8669846E+03, -0.4970251E+03
02/05/2011 23:00:15,  0.2000012E+02,  0.0000000E+00,  0.2000012E+03, -0.2395634E+02, -0.8322073E+03, -0.4775948E+03
02/05/2011 23:15:05,  0.2000020E+02,  0.0000000E+00,  0.2000020E+03, -0.5191811E+02, -0.1799468E+04, -0.1034346E+04
02/05/2011 23:30:29,  0.2000002E+02,  0.0000000E+00,  0.2000002E+03, -0.7822218E+02, -0.2696551E+04, -0.1556928E+04
02/05/2011 23:45:39,  0.2000003E+02,  0.0000000E+00,  0.2000003E+03, -0.8510135E+02, -0.2906186E+04, -0.1691688E+04
03/05/2011 00:00:27,  0.2000008E+02,  0.0000000E+00,  0.2000008E+03, -0.8058486E+02, -0.2718165E+04, -0.1599623E+04
03/05/2011 00:15:09,  0.2000004E+02,  0.0000000E+00,  0.2000004E+03, -0.1002468E+03, -0.3327604E+04, -0.1986905E+04
03/05/2011 00:30:17,  0.2000007E+02,  0.0000000E+00,  0.2000007E+03, -0.1295525E+03, -0.4182918E+04, -0.2562098E+04
03/05/2011 00:45:43,  0.2000000E+02,  0.0000000E+00,  0.2000000E+03, -0.1332893E+03, -0.4141622E+04, -0.2628845E+04
03/05/2011 01:00:33,  0.2000002E+02,  0.0000000E+00,  0.2000002E+03, -0.1295729E+03, -0.3842714E+04, -0.2547917E+04
03/05/2011 01:15:15,  0.1999998E+02,  0.0000000E+00,  0.1999998E+03, -0.1337217E+03, -0.3778362E+04, -0.2622132E+04
03/05/2011 01:30:06,  0.1999998E+02,  0.0000000E+00,  0.1999998E+03, -0.1487703E+03, -0.3961528E+04, -0.2908200E+04
03/05/2011 01:45:25,  0.2000000E+02,  0.0000000E+00,  0.1999999E+03, -0.1516487E+03, -0.3753329E+04, -0.2953985E+04
03/05/2011 02:00:06,  0.1999997E+02,  0.0000000E+00,  0.1999997E+03, -0.1470414E+03, -0.3381738E+04, -0.2854742E+04
03/05/2011 02:15:11,  0.2000000E+02,  0.0000000E+00,  0.1999999E+03, -0.1460249E+03, -0.3120978E+04, -0.2826218E+04
03/05/2011 02:30:32,  0.2000006E+02,  0.0000000E+00,  0.2000005E+03, -0.1431959E+03, -0.2858737E+04, -0.2764116E+04
03/05/2011 02:45:23,  0.2000003E+02,  0.0000000E+00,  0.2000003E+03, -0.1410101E+03, -0.2630704E+04, -0.2714822E+04
03/05/2011 03:00:45,  0.2000006E+02,  0.0000000E+00,  0.2000005E+03, -0.1331444E+03, -0.2326798E+04, -0.2557015E+04
03/05/2011 03:15:07,  0.2000011E+02,  0.0000000E+00,  0.2000011E+03, -0.1236923E+03, -0.2044534E+04, -0.2370478E+04
03/05/2011 03:30:21,  0.2000010E+02,  0.0000000E+00,  0.2000009E+03, -0.1160087E+03, -0.1825166E+04, -0.2219133E+04
03/05/2011 03:45:17,  0.2000005E+02,  0.0000000E+00,  0.2000005E+03, -0.1124272E+03, -0.1694239E+04, -0.2146960E+04
03/05/2011 04:00:02,  0.2000007E+02,  0.0000000E+00,  0.2000008E+03, -0.1124149E+03, -0.1629878E+04, -0.2143104E+04
03/05/2011 04:15:03,  0.1999997E+02,  0.0000000E+00,  0.1999998E+03, -0.9360566E+02, -0.1302117E+04, -0.1781796E+04
03/05/2011 04:30:14,  0.2000006E+02,  0.0000000E+00,  0.2000006E+03, -0.7301335E+02, -0.9780656E+03, -0.1388051E+04
03/05/2011 04:45:46,  0.2000007E+02,  0.0000000E+00,  0.2000007E+03, -0.6151645E+02, -0.8014883E+03, -0.1168174E+04
03/05/2011 05:00:35,  0.2000001E+02,  0.0000000E+00,  0.2000001E+03, -0.6003589E+02, -0.7722729E+03, -0.1138920E+04
03/05/2011 05:15:55,  0.2000005E+02,  0.0000000E+00,  0.2000005E+03, -0.3200803E+02, -0.3470050E+03, -0.6042647E+03
03/05/2011 05:30:25,  0.2000011E+02,  0.0000000E+00,  0.2000011E+03, -0.2059289E+01,  0.1812308E+03, -0.2966114E+02
03/05/2011 05:45:44,  0.2000007E+02,  0.0000000E+00,  0.2000006E+03,  0.1010870E+02,  0.4460154E+03,  0.2063983E+03
03/05/2011 06:00:08,  0.2000009E+02,  0.0000000E+00,  0.2000010E+03,  0.8781725E+01,  0.3955269E+03,  0.1797007E+03
03/05/2011 06:15:48,  0.2000003E+02,  0.0000000E+00,  0.2000004E+03,  0.3064676E+02,  0.1072637E+04,  0.6129351E+03
03/05/2011 06:30:44,  0.2000011E+02,  0.0000000E+00,  0.2000011E+03,  0.5857769E+02,  0.2050219E+04,  0.1171554E+04
03/05/2011 06:45:39,  0.2000005E+02,  0.0000000E+00,  0.2000005E+03,  0.6504143E+02,  0.2276450E+04,  0.1300828E+04
03/05/2011 07:00:08,  0.2000008E+02,  0.0000000E+00,  0.2000007E+03,  0.5964540E+02,  0.2087589E+04,  0.1192908E+04
03/05/2011 07:15:09,  0.2000017E+02,  0.0000000E+00,  0.2000017E+03,  0.7923239E+02,  0.2773134E+04,  0.1584648E+04
03/05/2011 07:30:12,  0.2000006E+02,  0.0000000E+00,  0.2000006E+03,  0.1067053E+03,  0.3734686E+04,  0.2134106E+04
03/05/2011 07:45:15,  0.2000005E+02,  0.0000000E+00,  0.2000005E+03,  0.1135366E+03,  0.3973782E+04,  0.2270733E+04
03/05/2011 08:00:33,  0.2000007E+02,  0.0000000E+00,  0.2000008E+03,  0.1031966E+03,  0.3611880E+04,  0.2063932E+04
03/05/2011 08:15:18,  0.2000002E+02,  0.0000000E+00,  0.2000002E+03,  0.1088513E+03,  0.3809794E+04,  0.2177025E+04
03/05/2011 08:30:26,  0.1999999E+02,  0.0000000E+00,  0.1999999E+03,  0.1260687E+03,  0.4412404E+04,  0.2521373E+04
03/05/2011 08:45:48,  0.2000005E+02,  0.0000000E+00,  0.2000005E+03,  0.1272668E+03,  0.4454338E+04,  0.2545336E+04
03/05/2011 09:00:13,  0.2000009E+02,  0.0000000E+00,  0.2000009E+03,  0.1188977E+03,  0.4161420E+04,  0.2377954E+04
03/05/2011 09:15:04,  0.2000007E+02,  0.0000000E+00,  0.2000007E+03,  0.1087562E+03,  0.3806466E+04,  0.2175124E+04
03/05/2011 09:30:21,  0.2000005E+02,  0.0000000E+00,  0.2000004E+03,  0.1027358E+03,  0.3595753E+04,  0.2054716E+04
03/05/2011 09:45:54,  0.2000007E+02,  0.0000000E+00,  0.2000007E+03,  0.9181835E+02,  0.3213643E+04,  0.1836367E+04
03/05/2011 10:00:01,  0.2000005E+02,  0.0000000E+00,  0.2000005E+03,  0.8452934E+02,  0.2958527E+04,  0.1690587E+04
03/05/2011 10:15:20,  0.2000004E+02,  0.0000000E+00,  0.2000005E+03,  0.6126173E+02,  0.2144161E+04,  0.1225235E+04
03/05/2011 10:30:27,  0.2000008E+02,  0.0000000E+00,  0.2000008E+03,  0.4507915E+02,  0.1577770E+04,  0.9015830E+03
03/05/2011 10:45:30,  0.2000008E+02,  0.0000000E+00,  0.2000007E+03,  0.3674232E+02,  0.1285981E+04,  0.7348466E+03
03/05/2011 11:00:36,  0.2000015E+02,  0.0000000E+00,  0.2000015E+03,  0.3711785E+02,  0.1299125E+04,  0.7423570E+03
03/05/2011 11:15:41,  0.2000004E+02,  0.0000000E+00,  0.2000004E+03,  0.1221192E+02,  0.4277120E+03,  0.2442573E+03
03/05/2011 11:30:52,  0.2000005E+02,  0.0000000E+00,  0.2000005E+03, -0.1458678E+02, -0.5091930E+03, -0.2918781E+03
03/05/2011 11:45:01,  0.2000002E+02,  0.0000000E+00,  0.2000002E+03, -0.2416834E+02, -0.8434264E+03, -0.4838382E+03
03/05/2011 12:00:06,  0.2000013E+02,  0.0000000E+00,  0.2000013E+03, -0.2279365E+02, -0.7947554E+03, -0.4564814E+03
03/05/2011 12:15:00,  0.2000009E+02,  0.0000000E+00,  0.2000009E+03, -0.4857572E+02, -0.1692482E+04, -0.9731495E+03
03/05/2011 12:30:06,  0.2000007E+02,  0.0000000E+00,  0.2000007E+03, -0.8370795E+02, -0.2908624E+04, -0.1677180E+04
03/05/2011 12:45:38,  0.2000004E+02,  0.0000000E+00,  0.2000004E+03, -0.9535065E+02, -0.3294416E+04, -0.1910090E+04
03/05/2011 13:00:17,  0.2000002E+02,  0.0000000E+00,  0.2000002E+03, -0.9066461E+02, -0.3109047E+04, -0.1815517E+04
03/05/2011 13:15:18,  0.2000003E+02,  0.0000000E+00,  0.2000003E+03, -0.1063495E+03, -0.3605830E+04, -0.2128052E+04
03/05/2011 13:30:12,  0.2000010E+02,  0.0000000E+00,  0.2000011E+03, -0.1237574E+03, -0.4124799E+04, -0.2473238E+04
03/05/2011 13:45:02,  0.1999995E+02,  0.0000000E+00,  0.1999995E+03, -0.1250887E+03, -0.4066711E+04, -0.2495102E+04
03/05/2011 14:01:06,  0.2000000E+02,  0.0000000E+00,  0.2000000E+03, -0.1097399E+03, -0.3467693E+04, -0.2184385E+04
03/05/2011 14:16:11,  0.2000007E+02,  0.0000000E+00,  0.2000007E+03, -0.1162897E+03, -0.3557044E+04, -0.2309323E+04
03/05/2011 14:30:21,  0.1999996E+02,  0.0000000E+00,  0.1999995E+03, -0.1353203E+03, -0.3972316E+04, -0.2679246E+04
03/05/2011 14:45:20,  0.2000003E+02,  0.0000000E+00,  0.2000003E+03, -0.1384211E+03, -0.3868870E+04, -0.2731255E+04
03/05/2011 15:00:05,  0.2000004E+02,  0.0000000E+00,  0.2000004E+03, -0.1355852E+03, -0.3577594E+04, -0.2665069E+04
03/05/2011 15:15:45,  0.2000004E+02,  0.0000000E+00,  0.2000004E+03, -0.1316819E+03, -0.3266494E+04, -0.2578333E+04
03/05/2011 15:30:36,  0.2000004E+02,  0.0000000E+00,  0.2000004E+03, -0.1332887E+03, -0.3108616E+04, -0.2600201E+04
03/05/2011 15:45:10,  0.2000002E+02,  0.0000000E+00,  0.2000002E+03, -0.1250779E+03, -0.2740762E+04, -0.2431523E+04
03/05/2011 16:00:29,  0.2000006E+02,  0.0000000E+00,  0.2000006E+03, -0.1127816E+03, -0.2327495E+04, -0.2185606E+04
03/05/2011 16:15:06,  0.1999998E+02,  0.0000000E+00,  0.1999998E+03, -0.9725233E+02, -0.1897355E+04, -0.1879511E+04
03/05/2011 16:30:10,  0.2000008E+02,  0.0000000E+00,  0.2000009E+03, -0.8421434E+02, -0.1563344E+04, -0.1623622E+04
03/05/2011 16:45:02,  0.2000019E+02,  0.0000000E+00,  0.2000019E+03, -0.7898524E+02, -0.1408309E+04, -0.1519649E+04
03/05/2011 17:00:37,  0.2000007E+02,  0.0000000E+00,  0.2000007E+03, -0.7286766E+02, -0.1252381E+04, -0.1399180E+04
03/05/2011 17:15:14,  0.2000001E+02,  0.0000000E+00,  0.2000000E+03, -0.5170601E+02, -0.8313370E+03, -0.9897626E+03
03/05/2011 17:30:04,  0.2000007E+02,  0.0000000E+00,  0.2000007E+03, -0.2648258E+02, -0.3453829E+03, -0.5031992E+03
03/05/2011 17:45:11,  0.2000019E+02,  0.0000000E+00,  0.2000019E+03, -0.1404556E+02, -0.9641681E+02, -0.2628014E+03
03/05/2011 18:00:07,  0.1999999E+02,  0.0000000E+00,  0.1999999E+03, -0.1063185E+02, -0.3043086E+02, -0.1968607E+03
03/05/2011 18:15:06,  0.2000004E+02,  0.0000000E+00,  0.2000004E+03,  0.1245355E+02,  0.5421344E+03,  0.2540034E+03
03/05/2011 18:30:32,  0.2000007E+02,  0.0000000E+00,  0.2000006E+03,  0.3467477E+02,  0.1213617E+04,  0.6934955E+03
03/05/2011 18:45:02,  0.2000010E+02,  0.0000000E+00,  0.2000010E+03,  0.4088145E+02,  0.1430851E+04,  0.8176290E+03
03/05/2011 19:00:33,  0.2000010E+02,  0.0000000E+00,  0.2000010E+03,  0.3342080E+02,  0.1169728E+04,  0.6684161E+03
03/05/2011 19:15:17,  0.2000003E+02,  0.0000000E+00,  0.2000004E+03,  0.5005132E+02,  0.1751796E+04,  0.1001026E+04
03/05/2011 19:30:45,  0.1999999E+02,  0.0000000E+00,  0.2000000E+03,  0.7970820E+02,  0.2789786E+04,  0.1594163E+04
03/05/2011 19:45:54,  0.2000004E+02,  0.0000000E+00,  0.2000004E+03,  0.8771144E+02,  0.3069901E+04,  0.1754229E+04
03/05/2011 20:00:32,  0.2000005E+02,  0.0000000E+00,  0.2000004E+03,  0.8550251E+02,  0.2992587E+04,  0.1710050E+04
03/05/2011 20:15:40,  0.2000005E+02,  0.0000000E+00,  0.2000006E+03,  0.9649040E+02,  0.3377165E+04,  0.1929808E+04
03/05/2011 20:31:08,  0.2000005E+02,  0.0000000E+00,  0.2000005E+03,  0.1160101E+03,  0.4060353E+04,  0.2320202E+04
03/05/2011 20:45:34,  0.2000003E+02,  0.0000000E+00,  0.2000003E+03,  0.1157864E+03,  0.4052523E+04,  0.2315727E+04
03/05/2011 21:00:15,  0.2000005E+02,  0.0000000E+00,  0.2000005E+03,  0.1045109E+03,  0.3657882E+04,  0.2090218E+04
03/05/2011 21:15:19,  0.2000007E+02,  0.0000000E+00,  0.2000006E+03,  0.9624743E+02,  0.3368660E+04,  0.1924948E+04
03/05/2011 21:30:47,  0.2000004E+02,  0.0000000E+00,  0.2000004E+03,  0.9618301E+02,  0.3366405E+04,  0.1923660E+04
03/05/2011 21:45:05,  0.2000002E+02,  0.0000000E+00,  0.2000002E+03,  0.9676006E+02,  0.3386602E+04,  0.1935201E+04
03/05/2011 22:00:06,  0.2000006E+02,  0.0000000E+00,  0.2000006E+03,  0.8652503E+02,  0.3028375E+04,  0.1730501E+04
03/05/2011 22:15:35,  0.2000008E+02,  0.0000000E+00,  0.2000008E+03,  0.6577198E+02,  0.2302019E+04,  0.1315440E+04
03/05/2011 22:30:58,  0.2000010E+02,  0.0000000E+00,  0.2000010E+03,  0.4670436E+02,  0.1634652E+04,  0.9340869E+03
03/05/2011 22:46:13,  0.2000008E+02,  0.0000000E+00,  0.2000008E+03,  0.3763547E+02,  0.1317241E+04,  0.7527094E+03
03/05/2011 23:00:06,  0.2000019E+02,  0.0000000E+00,  0.2000019E+03,  0.3502196E+02,  0.1225769E+04,  0.7004391E+03
03/05/2011 23:15:27,  0.2000008E+02,  0.0000000E+00,  0.2000008E+03,  0.7689718E+01,  0.2695323E+03,  0.1539102E+03
03/05/2011 23:30:47,  0.2000003E+02,  0.0000000E+00,  0.2000003E+03, -0.1865850E+02, -0.6499974E+03, -0.3723392E+03
03/05/2011 23:45:22,  0.1999998E+02,  0.0000000E+00,  0.1999997E+03, -0.2636381E+02, -0.9172516E+03, -0.5257780E+03
04/05/2011 00:00:08,  0.2000001E+02,  0.0000000E+00,  0.2000001E+03, -0.2450928E+02, -0.8510274E+03, -0.4884772E+03
04/05/2011 00:15:03,  0.2000012E+02,  0.0000000E+00,  0.2000012E+03, -0.5683679E+02, -0.1967981E+04, -0.1131941E+04
04/05/2011 00:31:17,  0.2000003E+02,  0.0000000E+00,  0.2000003E+03, -0.8873425E+02, -0.3050326E+04, -0.1764984E+04
04/05/2011 00:45:33,  0.2000002E+02,  0.0000000E+00,  0.2000002E+03, -0.9850639E+02, -0.3347136E+04, -0.1956084E+04
04/05/2011 01:01:11,  0.2000003E+02,  0.0000000E+00,  0.2000003E+03, -0.9357838E+02, -0.3128020E+04, -0.1854323E+04
04/05/2011 01:15:08,  0.2000001E+02,  0.0000000E+00,  0.2000002E+03, -0.1179544E+03, -0.3861848E+04, -0.2331900E+04
04/05/2011 01:30:30,  0.2000008E+02,  0.0000000E+00,  0.2000007E+03, -0.1447017E+03, -0.4580345E+04, -0.2850707E+04
04/05/2011 01:45:05,  0.2000002E+02,  0.0000000E+00,  0.2000002E+03, -0.1504865E+03, -0.4547292E+04, -0.2951413E+04
04/05/2011 02:00:27,  0.2000002E+02,  0.0000000E+00,  0.2000002E+03, -0.1382677E+03, -0.3971843E+04, -0.2699364E+04
04/05/2011 02:15:26,  0.1999996E+02,  0.0000000E+00,  0.1999996E+03, -0.1434250E+03, -0.3899156E+04, -0.2787144E+04
04/05/2011 02:30:41,  0.2000002E+02,  0.0000000E+00,  0.2000001E+03, -0.1639433E+03, -0.4162128E+04, -0.3168714E+04
04/05/2011 02:45:02,  0.2000009E+02,  0.0000000E+00,  0.2000009E+03, -0.1636595E+03, -0.3873511E+04, -0.3146664E+04
04/05/2011 03:00:05,  0.2000001E+02,  0.0000000E+00,  0.2000001E+03, -0.1605346E+03, -0.3518992E+04, -0.3069802E+04
04/05/2011 03:15:31,  0.1999996E+02,  0.0000000E+00,  0.1999996E+03, -0.1476484E+03, -0.3012980E+04, -0.2809835E+04
04/05/2011 03:30:41,  0.2000001E+02,  0.0000000E+00,  0.2000001E+03, -0.1441911E+03, -0.2756769E+04, -0.2732473E+04
04/05/2011 03:45:21,  0.2000004E+02,  0.0000000E+00,  0.2000004E+03, -0.1362675E+03, -0.2450610E+04, -0.2572211E+04
04/05/2011 04:00:04,  0.2000012E+02,  0.0000000E+00,  0.2000013E+03, -0.1302620E+03, -0.2215048E+04, -0.2450010E+04
04/05/2011 04:15:14,  0.2000002E+02,  0.0000000E+00,  0.2000001E+03, -0.1141338E+03, -0.1844024E+04, -0.2139876E+04
04/05/2011 04:30:01,  0.2000013E+02,  0.0000000E+00,  0.2000012E+03, -0.1085568E+03, -0.1683516E+04, -0.2029968E+04
04/05/2011 04:45:06,  0.2000004E+02,  0.0000000E+00,  0.2000005E+03, -0.1114099E+03, -0.1666599E+04, -0.2078127E+04
04/05/2011 05:00:10,  0.2000002E+02,  0.0000000E+00,  0.2000003E+03, -0.1123249E+03, -0.1622824E+04, -0.2090068E+04
04/05/2011 05:15:40,  0.2000005E+02,  0.0000000E+00,  0.2000005E+03, -0.8924819E+02, -0.1234105E+04, -0.1656384E+04
04/05/2011 05:30:12,  0.2000010E+02,  0.0000000E+00,  0.2000009E+03, -0.6624184E+02, -0.8793702E+03, -0.1226694E+04
04/05/2011 05:45:19,  0.2000004E+02,  0.0000000E+00,  0.2000004E+03, -0.5434986E+02, -0.6967419E+03, -0.1004439E+04
04/05/2011 06:00:46,  0.2000012E+02,  0.0000000E+00,  0.2000012E+03, -0.4886069E+02, -0.6119949E+03, -0.9015345E+03
04/05/2011 06:15:08,  0.2000008E+02,  0.0000000E+00,  0.2000008E+03, -0.1869182E+02, -0.1340212E+03, -0.3380627E+03
04/05/2011 06:30:10,  0.2000006E+02,  0.0000000E+00,  0.2000005E+03,  0.1525857E+02,  0.6067894E+03,  0.3101730E+03
04/05/2011 06:45:04,  0.2000009E+02,  0.0000000E+00,  0.2000009E+03,  0.2535249E+02,  0.8877572E+03,  0.5070793E+03
04/05/2011 07:00:04,  0.2000006E+02,  0.0000000E+00,  0.2000006E+03,  0.2166967E+02,  0.7620009E+03,  0.4336426E+03
04/05/2011 07:15:01,  0.1999996E+02,  0.0000000E+00,  0.1999996E+03,  0.4886858E+02,  0.1710400E+04,  0.9773717E+03
04/05/2011 07:30:01,  0.1999991E+02,  0.0000000E+00,  0.1999992E+03,  0.8047205E+02,  0.2816521E+04,  0.1609441E+04
04/05/2011 07:45:51,  0.2000007E+02,  0.0000000E+00,  0.2000007E+03,  0.8409573E+02,  0.2943351E+04,  0.1681915E+04
04/05/2011 08:00:11,  0.2000005E+02,  0.0000000E+00,  0.2000005E+03,  0.8048050E+02,  0.2816817E+04,  0.1609610E+04
04/05/2011 08:15:37,  0.2000003E+02,  0.0000000E+00,  0.2000003E+03,  0.9742802E+02,  0.3409981E+04,  0.1948561E+04
04/05/2011 08:31:04,  0.1999999E+02,  0.0000000E+00,  0.1999999E+03,  0.1253371E+03,  0.4386798E+04,  0.2506742E+04
04/05/2011 08:45:17,  0.2000004E+02,  0.0000000E+00,  0.2000004E+03,  0.1301620E+03,  0.4555669E+04,  0.2603240E+04
04/05/2011 09:00:31,  0.2000008E+02,  0.0000000E+00,  0.2000008E+03,  0.1236381E+03,  0.4327335E+04,  0.2472763E+04
04/05/2011 09:15:06,  0.2000010E+02,  0.0000000E+00,  0.2000011E+03,  0.1263494E+03,  0.4422230E+04,  0.2526989E+04
04/05/2011 09:30:39,  0.2000005E+02,  0.0000000E+00,  0.2000005E+03,  0.1378177E+03,  0.4823620E+04,  0.2756355E+04
04/05/2011 09:45:19,  0.2000005E+02,  0.0000000E+00,  0.2000006E+03,  0.1350051E+03,  0.4725179E+04,  0.2700103E+04
04/05/2011 10:00:14,  0.2000006E+02,  0.0000000E+00,  0.2000006E+03,  0.1257093E+03,  0.4399825E+04,  0.2514186E+04
04/05/2011 10:15:26,  0.2000007E+02,  0.0000000E+00,  0.2000007E+03,  0.1114200E+03,  0.3899699E+04,  0.2228399E+04
04/05/2011 10:30:05,  0.2000010E+02,  0.0000000E+00,  0.2000010E+03,  0.1050108E+03,  0.3675379E+04,  0.2100217E+04
04/05/2011 10:45:02,  0.2000016E+02,  0.0000000E+00,  0.2000016E+03,  0.9712553E+02,  0.3399394E+04,  0.1942511E+04
04/05/2011 11:00:16,  0.2000003E+02,  0.0000000E+00,  0.2000004E+03,  0.8535874E+02,  0.2987556E+04,  0.1707175E+04
04/05/2011 11:15:17,  0.2000004E+02,  0.0000000E+00,  0.2000005E+03,  0.6015824E+02,  0.2105538E+04,  0.1203165E+04
04/05/2011 11:30:06,  0.2000004E+02,  0.0000000E+00,  0.2000005E+03,  0.3588525E+02,  0.1256052E+04,  0.7176996E+03
04/05/2011 11:45:29,  0.2000000E+02,  0.0000000E+00,  0.2000001E+03,  0.2025734E+02,  0.7092043E+03,  0.4051196E+03
04/05/2011 12:00:04,  0.2000015E+02,  0.0000000E+00,  0.2000014E+03,  0.1574216E+02,  0.5511649E+03,  0.3148128E+03
04/05/2011 12:15:39,  0.2000009E+02,  0.0000000E+00,  0.2000010E+03, -0.1067410E+02, -0.3727235E+03, -0.2136693E+03
04/05/2011 12:30:48,  0.2000003E+02,  0.0000000E+00,  0.2000003E+03, -0.3742041E+02, -0.1306916E+04, -0.7487639E+03
04/05/2011 12:45:11,  0.2000003E+02,  0.0000000E+00,  0.2000003E+03, -0.4303110E+02, -0.1501214E+04, -0.8609081E+03
04/05/2011 13:00:13,  0.2000012E+02,  0.0000000E+00,  0.2000012E+03, -0.3800260E+02, -0.1323665E+04, -0.7601988E+03
04/05/2011 13:15:03,  0.2000013E+02,  0.0000000E+00,  0.2000013E+03, -0.6761543E+02, -0.2349806E+04, -0.1352216E+04
04/05/2011 13:30:10,  0.2000003E+02,  0.0000000E+00,  0.2000003E+03, -0.9701859E+02, -0.3357282E+04, -0.1939172E+04
04/05/2011 13:45:36,  0.2000002E+02,  0.0000000E+00,  0.2000002E+03, -0.1107880E+03, -0.3801687E+04, -0.2211935E+04
04/05/2011 14:00:04,  0.2000004E+02,  0.0000000E+00,  0.2000005E+03, -0.1089197E+03, -0.3695420E+04, -0.2171381E+04
04/05/2011 14:15:07,  0.2000002E+02,  0.0000000E+00,  0.2000002E+03, -0.1310434E+03, -0.4371731E+04, -0.2606741E+04
04/05/2011 14:30:03,  0.2000010E+02,  0.0000000E+00,  0.2000010E+03, -0.1513978E+03, -0.4924675E+04, -0.3001935E+04
04/05/2011 14:45:06,  0.2000003E+02,  0.0000000E+00,  0.2000003E+03, -0.1487456E+03, -0.4680350E+04, -0.2937200E+04
04/05/2011 15:00:18,  0.2000006E+02,  0.0000000E+00,  0.2000006E+03, -0.1344502E+03, -0.4079257E+04, -0.2643317E+04
04/05/2011 15:15:32,  0.2000000E+02,  0.0000000E+00,  0.2000000E+03, -0.1326931E+03, -0.3857067E+04, -0.2595895E+04
04/05/2011 15:30:23,  0.2000010E+02,  0.0000000E+00,  0.2000009E+03, -0.1376317E+03, -0.3828719E+04, -0.2679432E+04
04/05/2011 15:45:34,  0.2000002E+02,  0.0000000E+00,  0.2000002E+03, -0.1344836E+03, -0.3555652E+04, -0.2603950E+04
04/05/2011 16:00:23,  0.2000006E+02,  0.0000000E+00,  0.2000006E+03, -0.1310106E+03, -0.3293259E+04, -0.2523556E+04
04/05/2011 16:15:37,  0.2000003E+02,  0.0000000E+00,  0.2000003E+03, -0.1231113E+03, -0.2942352E+04, -0.2359574E+04
04/05/2011 16:30:10,  0.2000001E+02,  0.0000000E+00,  0.2000001E+03, -0.1194027E+03, -0.2719587E+04, -0.2277880E+04
04/05/2011 16:45:11,  0.2000008E+02,  0.0000000E+00,  0.2000008E+03, -0.1137988E+03, -0.2467411E+04, -0.2160759E+04
04/05/2011 17:00:19,  0.2000005E+02,  0.0000000E+00,  0.2000005E+03, -0.1090682E+03, -0.2257046E+04, -0.2061730E+04
04/05/2011 17:15:28,  0.1999997E+02,  0.0000000E+00,  0.1999997E+03, -0.9637727E+02, -0.1901574E+04, -0.1813587E+04
04/05/2011 17:30:53,  0.1999996E+02,  0.0000000E+00,  0.1999996E+03, -0.8284465E+02, -0.1567320E+04, -0.1552855E+04
04/05/2011 17:45:15,  0.2000006E+02,  0.0000000E+00,  0.2000006E+03, -0.7803438E+02, -0.1429406E+04, -0.1458268E+04
04/05/2011 18:00:16,  0.2000005E+02,  0.0000000E+00,  0.2000005E+03, -0.7932780E+02, -0.1411382E+04, -0.1478288E+04
04/05/2011 18:15:36,  0.2000004E+02,  0.0000000E+00,  0.2000004E+03, -0.5526324E+02, -0.9337056E+03, -0.1025198E+04
04/05/2011 18:30:11,  0.2000003E+02,  0.0000000E+00,  0.2000003E+03, -0.2884765E+02, -0.4247372E+03, -0.5297515E+03
04/05/2011 18:45:23,  0.1999998E+02,  0.0000000E+00,  0.1999999E+03, -0.1417090E+02, -0.1343908E+03, -0.2541178E+03
04/05/2011 19:00:43,  0.2000000E+02,  0.0000000E+00,  0.2000000E+03, -0.1274934E+02, -0.1199216E+03, -0.2284316E+03
04/05/2011 19:15:02,  0.2000006E+02,  0.0000000E+00,  0.2000006E+03,  0.1003457E+02,  0.4052623E+03,  0.2050755E+03
04/05/2011 19:30:03,  0.1999998E+02,  0.0000000E+00,  0.1999999E+03,  0.4201539E+02,  0.1470539E+04,  0.8403077E+03
04/05/2011 19:45:25,  0.2000005E+02,  0.0000000E+00,  0.2000005E+03,  0.4960907E+02,  0.1736317E+04,  0.9921815E+03
04/05/2011 20:00:00,  0.2000004E+02,  0.0000000E+00,  0.2000004E+03,  0.4312098E+02,  0.1509234E+04,  0.8624199E+03
04/05/2011 20:15:47,  0.2000005E+02,  0.0000000E+00,  0.2000005E+03,  0.6292544E+02,  0.2202390E+04,  0.1258509E+04
04/05/2011 20:30:52,  0.1999999E+02,  0.0000000E+00,  0.1999999E+03,  0.9301250E+02,  0.3255438E+04,  0.1860250E+04
04/05/2011 20:45:07,  0.2000004E+02,  0.0000000E+00,  0.2000004E+03,  0.1041784E+03,  0.3646246E+04,  0.2083568E+04
04/05/2011 21:01:04,  0.2000010E+02,  0.0000000E+00,  0.2000010E+03,  0.9894616E+02,  0.3463116E+04,  0.1978923E+04
04/05/2011 21:15:48,  0.2000006E+02,  0.0000000E+00,  0.2000006E+03,  0.1045969E+03,  0.3660891E+04,  0.2091938E+04
04/05/2011 21:30:04,  0.2000005E+02,  0.0000000E+00,  0.2000005E+03,  0.1156900E+03,  0.4049152E+04,  0.2313801E+04
04/05/2011 21:45:47,  0.2000005E+02,  0.0000000E+00,  0.2000004E+03,  0.1105458E+03,  0.3869104E+04,  0.2210917E+04
04/05/2011 22:00:28,  0.2000007E+02,  0.0000000E+00,  0.2000007E+03,  0.9604562E+02,  0.3361596E+04,  0.1920912E+04
04/05/2011 22:15:28,  0.2000008E+02,  0.0000000E+00,  0.2000008E+03,  0.8128429E+02,  0.2844951E+04,  0.1625686E+04
04/05/2011 22:30:48,  0.2000006E+02,  0.0000000E+00,  0.2000007E+03,  0.7717577E+02,  0.2701152E+04,  0.1543516E+04
04/05/2011 22:45:04,  0.2000004E+02,  0.0000000E+00,  0.2000005E+03,  0.7376070E+02,  0.2581625E+04,  0.1475214E+04
04/05/2011 23:00:02,  0.2000009E+02,  0.0000000E+00,  0.2000009E+03,  0.7407581E+02,  0.2592653E+04,  0.1481516E+04
04/05/2011 23:15:36,  0.2000005E+02,  0.0000000E+00,  0.2000005E+03,  0.5676278E+02,  0.1986697E+04,  0.1135256E+04
04/05/2011 23:30:44,  0.2000006E+02,  0.0000000E+00,  0.2000006E+03,  0.4410310E+02,  0.1543609E+04,  0.8820621E+03
04/05/2011 23:45:43,  0.2000002E+02,  0.0000000E+00,  0.2000002E+03,  0.3663342E+02,  0.1282170E+04,  0.7326684E+03
05/05/2011 00:00:42,  0.2000005E+02,  0.0000000E+00,  0.2000005E+03,  0.3462260E+02,  0.1211791E+04,  0.6924520E+03
05/05/2011 00:15:43,  0.2000004E+02,  0.0000000E+00,  0.2000005E+03,  0.4349987E+01,  0.1526634E+03,  0.8716980E+02
05/05/2011 00:30:51,  0.2000004E+02,  0.0000000E+00,  0.2000004E+03, -0.2905778E+02, -0.1013916E+04, -0.5794714E+03
05/05/2011 00:45:03,  0.1999999E+02,  0.0000000E+00,  0.1999999E+03, -0.4226056E+02, -0.1472208E+04, -0.8419807E+03
05/05/2011 01:00:05,  0.2000002E+02,  0.0000000E+00,  0.2000003E+03, -0.4163924E+02, -0.1447400E+04, -0.8287820E+03
05/05/2011 01:16:10,  0.2000002E+02,  0.0000000E+00,  0.2000002E+03, -0.7038504E+02, -0.2437135E+04, -0.1399148E+04
05/05/2011 01:30:28,  0.2000010E+02,  0.0000000E+00,  0.2000010E+03, -0.1062747E+03, -0.3649306E+04, -0.2108189E+04
05/05/2011 01:45:25,  0.2000005E+02,  0.0000000E+00,  0.2000004E+03, -0.1161200E+03, -0.3929243E+04, -0.2296298E+04
05/05/2011 02:00:12,  0.2000005E+02,  0.0000000E+00,  0.2000005E+03, -0.1124974E+03, -0.3726873E+04, -0.2215719E+04
05/05/2011 02:15:31,  0.1999996E+02,  0.0000000E+00,  0.1999996E+03, -0.1285892E+03, -0.4145390E+04, -0.2520885E+04
05/05/2011 02:30:57,  0.2000000E+02,  0.0000000E+00,  0.2000000E+03, -0.1467858E+03, -0.4547243E+04, -0.2859572E+04
05/05/2011 02:46:03,  0.2000001E+02,  0.0000000E+00,  0.2000002E+03, -0.1460974E+03, -0.4299364E+04, -0.2824547E+04
05/05/2011 03:00:20,  0.2000000E+02,  0.0000000E+00,  0.2000000E+03, -0.1386570E+03, -0.3855320E+04, -0.2659629E+04
05/05/2011 03:15:06,  0.2000007E+02,  0.0000000E+00,  0.2000006E+03, -0.1427226E+03, -0.3749300E+04, -0.2717402E+04
05/05/2011 03:30:25,  0.2000005E+02,  0.0000000E+00,  0.2000005E+03, -0.1633283E+03, -0.3992758E+04, -0.3082503E+04
05/05/2011 03:45:22,  0.2000001E+02,  0.0000000E+00,  0.2000001E+03, -0.1650529E+03, -0.3741482E+04, -0.3088128E+04
05/05/2011 04:00:46,  0.1999997E+02,  0.0000000E+00,  0.1999997E+03, -0.1590609E+03, -0.3335022E+04, -0.2950837E+04
05/05/2011 04:15:41,  0.2000008E+02,  0.0000000E+00,  0.2000009E+03, -0.1501296E+03, -0.2924599E+04, -0.2764000E+04
05/05/2011 04:30:15,  0.2000004E+02,  0.0000000E+00,  0.2000004E+03, -0.1463426E+03, -0.2669712E+04, -0.2676669E+04
05/05/2011 04:45:19,  0.2000006E+02,  0.0000000E+00,  0.2000006E+03, -0.1357498E+03, -0.2332427E+04, -0.2468704E+04
05/05/2011 05:00:19,  0.2000003E+02,  0.0000000E+00,  0.2000004E+03, -0.1244326E+03, -0.2025595E+04, -0.2251386E+04
05/05/2011 05:15:01,  0.2000000E+02,  0.0000000E+00,  0.2000000E+03, -0.1102370E+03, -0.1712066E+04, -0.1985908E+04
05/05/2011 05:30:05,  0.2000009E+02,  0.0000000E+00,  0.2000009E+03, -0.1064733E+03, -0.1591292E+04, -0.1910931E+04
05/05/2011 05:45:04,  0.2000013E+02,  0.0000000E+00,  0.2000014E+03, -0.1030424E+03, -0.1488384E+04, -0.1843124E+04
05/05/2011 06:00:46,  0.2000004E+02,  0.0000000E+00,  0.2000004E+03, -0.1028861E+03, -0.1439505E+04, -0.1834275E+04
05/05/2011 06:15:34,  0.2000004E+02,  0.0000000E+00,  0.2000005E+03, -0.7673505E+02, -0.1026710E+04, -0.1362721E+04
05/05/2011 06:30:20,  0.2000015E+02,  0.0000000E+00,  0.2000015E+03, -0.4562975E+02, -0.5504238E+03, -0.8040224E+03
05/05/2011 06:45:20,  0.2000015E+02,  0.0000000E+00,  0.2000016E+03, -0.2694341E+02, -0.2621674E+03, -0.4682231E+03
05/05/2011 07:00:07,  0.2000014E+02,  0.0000000E+00,  0.2000014E+03, -0.1931937E+02, -0.1553208E+03, -0.3323714E+03
05/05/2011 07:15:10,  0.2000014E+02,  0.0000000E+00,  0.2000014E+03,  0.1050323E+02,  0.4915937E+03,  0.2229040E+03
05/05/2011 07:30:08,  0.2000006E+02,  0.0000000E+00,  0.2000006E+03,  0.4131916E+02,  0.1446170E+04,  0.8263829E+03
05/05/2011 07:45:42,  0.2000007E+02,  0.0000000E+00,  0.2000006E+03,  0.4578527E+02,  0.1602484E+04,  0.9157054E+03
05/05/2011 08:00:55,  0.2000004E+02,  0.0000000E+00,  0.2000004E+03,  0.3697013E+02,  0.1293955E+04,  0.7394026E+03
05/05/2011 08:15:34,  0.2000009E+02,  0.0000000E+00,  0.2000009E+03,  0.5257992E+02,  0.1840297E+04,  0.1051598E+04
05/05/2011 08:30:29,  0.2000017E+02,  0.0000000E+00,  0.2000017E+03,  0.7923615E+02,  0.2773265E+04,  0.1584723E+04
05/05/2011 08:45:24,  0.2000003E+02,  0.0000000E+00,  0.2000003E+03,  0.8692722E+02,  0.3042453E+04,  0.1738544E+04
05/05/2011 09:00:05,  0.2000013E+02,  0.0000000E+00,  0.2000013E+03,  0.8632224E+02,  0.3021278E+04,  0.1726445E+04
05/05/2011 09:15:06,  0.2000010E+02,  0.0000000E+00,  0.2000010E+03,  0.1053029E+03,  0.3685600E+04,  0.2106058E+04
05/05/2011 09:30:27,  0.1999998E+02,  0.0000000E+00,  0.1999998E+03,  0.1345464E+03,  0.4709125E+04,  0.2690927E+04
05/05/2011 09:45:14,  0.2000006E+02,  0.0000000E+00,  0.2000006E+03,  0.1425836E+03,  0.4990426E+04,  0.2851672E+04
05/05/2011 10:00:16,  0.2000007E+02,  0.0000000E+00,  0.2000007E+03,  0.1348300E+03,  0.4719048E+04,  0.2696599E+04
05/05/2011 10:15:12,  0.2000008E+02,  0.0000000E+00,  0.2000008E+03,  0.1301952E+03,  0.4556834E+04,  0.2603905E+04
05/05/2011 10:30:51,  0.2000002E+02,  0.0000000E+00,  0.2000001E+03,  0.1334922E+03,  0.4672226E+04,  0.2669843E+04
05/05/2011 10:45:35,  0.2000000E+02,  0.0000000E+00,  0.2000000E+03,  0.1269448E+03,  0.4443068E+04,  0.2538896E+04
05/05/2011 11:00:31,  0.2000008E+02,  0.0000000E+00,  0.2000007E+03,  0.1180459E+03,  0.4131605E+04,  0.2360917E+04
05/05/2011 11:15:50,  0.2000010E+02,  0.0000000E+00,  0.2000010E+03,  0.1027981E+03,  0.3597934E+04,  0.2055962E+04
05/05/2011 11:31:10,  0.2000007E+02,  0.0000000E+00,  0.2000008E+03,  0.9675758E+02,  0.3386515E+04,  0.1935151E+04
05/05/2011 11:45:47,  0.2000011E+02,  0.0000000E+00,  0.2000011E+03,  0.8993645E+02,  0.3147776E+04,  0.1798729E+04
05/05/2011 12:00:16,  0.2000009E+02,  0.0000000E+00,  0.2000009E+03,  0.8176701E+02,  0.2861845E+04,  0.1635340E+04
05/05/2011 12:15:13,  0.2000002E+02,  0.0000000E+00,  0.2000002E+03,  0.5736213E+02,  0.2007675E+04,  0.1147243E+04
05/05/2011 12:30:23,  0.2000005E+02,  0.0000000E+00,  0.2000005E+03,  0.3359632E+02,  0.1175884E+04,  0.6719185E+03
05/05/2011 12:45:01,  0.2000011E+02,  0.0000000E+00,  0.2000011E+03,  0.2817635E+02,  0.9861930E+03,  0.5635106E+03
05/05/2011 13:00:21,  0.1999994E+02,  0.0000000E+00,  0.1999994E+03,  0.2548941E+02,  0.8921466E+03,  0.5097719E+03
05/05/2011 13:15:07,  0.2000004E+02,  0.0000000E+00,  0.2000003E+03, -0.3979061E+01, -0.1389190E+03, -0.7997344E+02
05/05/2011 13:30:07,  0.2000010E+02,  0.0000000E+00,  0.2000009E+03, -0.4200735E+02, -0.1468659E+04, -0.8423494E+03
05/05/2011 13:45:08,  0.1999999E+02,  0.0000000E+00,  0.1999999E+03, -0.5762611E+02, -0.2013025E+04, -0.1155989E+04
05/05/2011 14:00:09,  0.1999994E+02,  0.0000000E+00,  0.1999993E+03, -0.5903565E+02, -0.2059579E+04, -0.1184659E+04
05/05/2011 14:15:21,  0.2000004E+02,  0.0000000E+00,  0.2000005E+03, -0.8967200E+02, -0.3122161E+04, -0.1799691E+04
05/05/2011 14:31:06,  0.2000003E+02,  0.0000000E+00,  0.2000004E+03, -0.1240881E+03, -0.4299766E+04, -0.2489734E+04
05/05/2011 14:45:01,  0.1999999E+02,  0.0000000E+00,  0.1999999E+03, -0.1337443E+03, -0.4598647E+04, -0.2680998E+04
05/05/2011 15:00:04,  0.1999995E+02,  0.0000000E+00,  0.1999995E+03, -0.1273524E+03, -0.4324755E+04, -0.2548217E+04
05/05/2011 15:15:16,  0.1999995E+02,  0.0000000E+00,  0.1999995E+03, -0.1385966E+03, -0.4627981E+04, -0.2765688E+04
05/05/2011 15:30:05,  0.2000010E+02,  0.0000000E+00,  0.2000011E+03, -0.1520103E+03, -0.4946476E+04, -0.3020253E+04
05/05/2011 15:45:24,  0.2000003E+02,  0.0000000E+00,  0.2000003E+03, -0.1440767E+03, -0.4544735E+04, -0.2847672E+04
05/05/2011 16:00:29,  0.2000002E+02,  0.0000000E+00,  0.2000002E+03, -0.1373814E+03, -0.4165970E+04, -0.2697643E+04
05/05/2011 16:15:22,  0.2000010E+02,  0.0000000E+00,  0.2000011E+03, -0.1335015E+03, -0.3892705E+04, -0.2604860E+04
05/05/2011 16:30:23,  0.2000007E+02,  0.0000000E+00,  0.2000008E+03, -0.1433853E+03, -0.3985717E+04, -0.2776332E+04
05/05/2011 16:45:03,  0.1999984E+02,  0.0000000E+00,  0.1999984E+03, -0.1472751E+03, -0.3878246E+04, -0.2827417E+04
05/05/2011 17:00:15,  0.2000002E+02,  0.0000000E+00,  0.2000002E+03, -0.1408794E+03, -0.3507129E+04, -0.2681316E+04
05/05/2011 17:15:44,  0.2000004E+02,  0.0000000E+00,  0.2000004E+03, -0.1238107E+03, -0.2910273E+04, -0.2336236E+04
05/05/2011 17:30:12,  0.2000005E+02,  0.0000000E+00,  0.2000005E+03, -0.1119877E+03, -0.2502642E+04, -0.2097766E+04
05/05/2011 17:45:30,  0.2000013E+02,  0.0000000E+00,  0.2000013E+03, -0.1047123E+03, -0.2224859E+04, -0.1947668E+04
05/05/2011 18:00:14,  0.2000012E+02,  0.0000000E+00,  0.2000012E+03, -0.9640221E+02, -0.1959378E+04, -0.1782294E+04
05/05/2011 18:15:30,  0.2000002E+02,  0.0000000E+00,  0.2000002E+03, -0.7303017E+02, -0.1415512E+04, -0.1341828E+04
05/05/2011 18:30:28,  0.2000002E+02,  0.0000000E+00,  0.2000002E+03, -0.5678651E+02, -0.1054523E+04, -0.1037796E+04
05/05/2011 18:45:41,  0.2000003E+02,  0.0000000E+00,  0.2000004E+03, -0.5204350E+02, -0.9394241E+03, -0.9477218E+03
05/05/2011 19:00:34,  0.1999998E+02,  0.0000000E+00,  0.1999999E+03, -0.5399928E+02, -0.9592155E+03, -0.9810853E+03
05/05/2011 19:15:39,  0.1999994E+02,  0.0000000E+00,  0.1999994E+03, -0.3192531E+02, -0.5068970E+03, -0.5731977E+03
05/05/2011 19:30:11,  0.2000005E+02,  0.0000000E+00,  0.2000005E+03, -0.7711847E+01, -0.1169917E+01, -0.1254117E+03
05/05/2011 19:45:17,  0.2000011E+02,  0.0000000E+00,  0.2000011E+03,  0.4894109E+00,  0.1864670E+03,  0.2799705E+02
05/05/2011 20:00:19,  0.2000006E+02,  0.0000000E+00,  0.2000007E+03,  0.7336988E+00,  0.1834390E+03,  0.3168885E+02
05/05/2011 20:15:50,  0.2000013E+02,  0.0000000E+00,  0.2000013E+03,  0.3010538E+02,  0.1053688E+04,  0.6021076E+03
05/05/2011 20:30:36,  0.2000003E+02,  0.0000000E+00,  0.2000003E+03,  0.6806026E+02,  0.2382109E+04,  0.1361205E+04
05/05/2011 20:45:24,  0.2000005E+02,  0.0000000E+00,  0.2000005E+03,  0.7951208E+02,  0.2782923E+04,  0.1590242E+04
05/05/2011 21:00:42,  0.2000010E+02,  0.0000000E+00,  0.2000011E+03,  0.7625204E+02,  0.2668821E+04,  0.1525041E+04
05/05/2011 21:16:04,  0.2000003E+02,  0.0000000E+00,  0.2000003E+03,  0.9050610E+02,  0.3167714E+04,  0.1810122E+04
05/05/2011 21:30:45,  0.1999995E+02,  0.0000000E+00,  0.1999995E+03,  0.1123385E+03,  0.3931847E+04,  0.2246770E+04
05/05/2011 21:45:26,  0.2000002E+02,  0.0000000E+00,  0.2000002E+03,  0.1129737E+03,  0.3954080E+04,  0.2259474E+04
05/05/2011 22:00:55,  0.2000007E+02,  0.0000000E+00,  0.2000007E+03,  0.1020230E+03,  0.3570804E+04,  0.2040460E+04
05/05/2011 22:15:16,  0.2000007E+02,  0.0000000E+00,  0.2000007E+03,  0.1032750E+03,  0.3614624E+04,  0.2065500E+04
05/05/2011 22:30:00,  0.2000003E+02,  0.0000000E+00,  0.2000002E+03,  0.1146548E+03,  0.4012919E+04,  0.2293097E+04
05/05/2011 22:46:13,  0.2000008E+02,  0.0000000E+00,  0.2000008E+03,  0.1130167E+03,  0.3955582E+04,  0.2260333E+04
05/05/2011 23:00:08,  0.2000006E+02,  0.0000000E+00,  0.2000006E+03,  0.1027492E+03,  0.3596223E+04,  0.2054985E+04
05/05/2011 23:15:04,  0.2000007E+02,  0.0000000E+00,  0.2000007E+03,  0.9431891E+02,  0.3301161E+04,  0.1886378E+04
05/05/2011 23:30:35,  0.2000006E+02,  0.0000000E+00,  0.2000006E+03,  0.8740913E+02,  0.3059319E+04,  0.1748183E+04
05/05/2011 23:45:10,  0.2000008E+02,  0.0000000E+00,  0.2000007E+03,  0.8085798E+02,  0.2830030E+04,  0.1617160E+04
06/05/2011 00:00:04,  0.2000011E+02,  0.0000000E+00,  0.2000011E+03,  0.7265470E+02,  0.2542915E+04,  0.1453094E+04
06/05/2011 00:15:08,  0.2000005E+02,  0.0000000E+00,  0.2000005E+03,  0.5160263E+02,  0.1806092E+04,  0.1032052E+04
06/05/2011 00:31:19,  0.2000006E+02,  0.0000000E+00,  0.2000006E+03,  0.2979864E+02,  0.1042963E+04,  0.5959769E+03
06/05/2011 00:45:53,  0.2000006E+02,  0.0000000E+00,  0.2000006E+03,  0.1946457E+02,  0.6813598E+03,  0.3893757E+03
06/05/2011 01:00:08,  0.2000005E+02,  0.0000000E+00,  0.2000005E+03,  0.1892006E+02,  0.6622780E+03,  0.3784819E+03
06/05/2011 01:15:10,  0.2000002E+02,  0.0000000E+00,  0.2000002E+03, -0.1400326E+02, -0.4888926E+03, -0.2789099E+03
06/05/2011 01:30:59,  0.2000007E+02,  0.0000000E+00,  0.2000007E+03, -0.5151776E+02, -0.1797853E+04, -0.1025646E+04
06/05/2011 01:45:35,  0.2000001E+02,  0.0000000E+00,  0.2000002E+03, -0.6784691E+02, -0.2361989E+04, -0.1348822E+04
06/05/2011 02:00:01,  0.2000007E+02,  0.0000000E+00,  0.2000006E+03, -0.6766234E+02, -0.2346984E+04, -0.1342771E+04
06/05/2011 02:15:18,  0.2000004E+02,  0.0000000E+00,  0.2000004E+03, -0.9652866E+02, -0.3330044E+04, -0.1912033E+04
06/05/2011 02:30:40,  0.2000004E+02,  0.0000000E+00,  0.2000005E+03, -0.1301373E+03, -0.4437034E+04, -0.2569094E+04
06/05/2011 02:45:45,  0.1999999E+02,  0.0000000E+00,  0.1999999E+03, -0.1405688E+03, -0.4699275E+04, -0.2761259E+04
06/05/2011 03:00:04,  0.1999988E+02,  0.0000000E+00,  0.1999987E+03, -0.1365917E+03, -0.4447260E+04, -0.2666799E+04
06/05/2011 03:15:30,  0.2000003E+02,  0.0000000E+00,  0.2000003E+03, -0.1547897E+03, -0.4863541E+04, -0.2999540E+04
06/05/2011 03:30:56,  0.2000001E+02,  0.0000000E+00,  0.2000001E+03, -0.1725634E+03, -0.5168656E+04, -0.3312790E+04
06/05/2011 03:45:41,  0.2000001E+02,  0.0000000E+00,  0.2000001E+03, -0.1767079E+03, -0.4976603E+04, -0.3353837E+04
06/05/2011 04:00:11,  0.2000001E+02,  0.0000000E+00,  0.2000001E+03, -0.1682671E+03, -0.4442571E+04, -0.3157648E+04
06/05/2011 04:15:00,  0.2000004E+02,  0.0000000E+00,  0.2000004E+03, -0.1712563E+03, -0.4205544E+04, -0.3175314E+04
06/05/2011 04:30:00,  0.2000005E+02,  0.0000000E+00,  0.2000004E+03, -0.1754946E+03, -0.4005352E+04, -0.3216827E+04
06/05/2011 04:45:31,  0.2000001E+02,  0.0000000E+00,  0.2000001E+03, -0.1680697E+03, -0.3555684E+04, -0.3045807E+04
06/05/2011 05:00:24,  0.2000005E+02,  0.0000000E+00,  0.2000005E+03, -0.1636495E+03, -0.3221749E+04, -0.2934921E+04
06/05/2011 05:15:05,  0.2000005E+02,  0.0000000E+00,  0.2000005E+03, -0.1538853E+03, -0.2829280E+04, -0.2733153E+04
06/05/2011 05:30:12,  0.2000000E+02,  0.0000000E+00,  0.1999999E+03, -0.1462535E+03, -0.2528179E+04, -0.2575508E+04
06/05/2011 05:45:10,  0.2000008E+02,  0.0000000E+00,  0.2000008E+03, -0.1404188E+03, -0.2291542E+04, -0.2453117E+04
06/05/2011 06:00:35,  0.2000008E+02,  0.0000000E+00,  0.2000008E+03, -0.1361613E+03, -0.2109742E+04, -0.2361450E+04
06/05/2011 06:15:35,  0.2000007E+02,  0.0000000E+00,  0.2000007E+03, -0.1186547E+03, -0.1747794E+04, -0.2043334E+04
06/05/2011 06:30:37,  0.2000008E+02,  0.0000000E+00,  0.2000008E+03, -0.9795148E+02, -0.1382254E+04, -0.1676687E+04
06/05/2011 06:45:28,  0.2000012E+02,  0.0000000E+00,  0.2000013E+03, -0.8772589E+02, -0.1198989E+04, -0.1494488E+04
06/05/2011 07:00:08,  0.2000014E+02,  0.0000000E+00,  0.2000013E+03, -0.8613227E+02, -0.1148465E+04, -0.1461299E+04
06/05/2011 07:15:24,  0.2000009E+02,  0.0000000E+00,  0.2000009E+03, -0.5746309E+02, -0.7262201E+03, -0.9681122E+03
06/05/2011 07:30:01,  0.2000009E+02,  0.0000000E+00,  0.2000009E+03, -0.2420515E+02, -0.2138225E+03, -0.3943116E+03
06/05/2011 07:45:33,  0.2000006E+02,  0.0000000E+00,  0.2000006E+03, -0.6843905E+01,  0.8519087E+02, -0.9079478E+02
06/05/2011 08:00:24,  0.2000012E+02,  0.0000000E+00,  0.2000012E+03, -0.5127012E+01,  0.9546443E+02, -0.6339302E+02
06/05/2011 08:15:02,  0.2000001E+02,  0.0000000E+00,  0.2000001E+03,  0.2477108E+02,  0.8708080E+03,  0.4959760E+03
06/05/2011 08:30:33,  0.2000002E+02,  0.0000000E+00,  0.2000002E+03,  0.6402937E+02,  0.2241029E+04,  0.1280588E+04
06/05/2011 08:45:36,  0.2000010E+02,  0.0000000E+00,  0.2000010E+03,  0.7508663E+02,  0.2628031E+04,  0.1501732E+04
06/05/2011 09:00:26,  0.2000005E+02,  0.0000000E+00,  0.2000005E+03,  0.6873639E+02,  0.2405773E+04,  0.1374728E+04
06/05/2011 09:15:39,  0.2000007E+02,  0.0000000E+00,  0.2000007E+03,  0.8916076E+02,  0.3120626E+04,  0.1783215E+04
06/05/2011 09:30:38,  0.2000005E+02,  0.0000000E+00,  0.2000005E+03,  0.1173093E+03,  0.4105825E+04,  0.2346186E+04
06/05/2011 09:45:04,  0.2000013E+02,  0.0000000E+00,  0.2000013E+03,  0.1284553E+03,  0.4495934E+04,  0.2569105E+04
06/05/2011 10:00:09,  0.2000000E+02,  0.0000000E+00,  0.2000000E+03,  0.1173882E+03,  0.4108586E+04,  0.2347763E+04
06/05/2011 10:15:10,  0.2000006E+02,  0.0000000E+00,  0.2000006E+03,  0.1257137E+03,  0.4399979E+04,  0.2514274E+04
06/05/2011 10:30:46,  0.2000007E+02,  0.0000000E+00,  0.2000007E+03,  0.1475414E+03,  0.5163948E+04,  0.2950827E+04
06/05/2011 10:45:32,  0.2000004E+02,  0.0000000E+00,  0.2000003E+03,  0.1526816E+03,  0.5343858E+04,  0.3053633E+04
06/05/2011 11:00:40,  0.2000011E+02,  0.0000000E+00,  0.2000011E+03,  0.1440246E+03,  0.5040860E+04,  0.2880491E+04
06/05/2011 11:15:07,  0.2000008E+02,  0.0000000E+00,  0.2000007E+03,  0.1379189E+03,  0.4827164E+04,  0.2758379E+04
06/05/2011 11:30:06,  0.2000011E+02,  0.0000000E+00,  0.2000011E+03,  0.1419097E+03,  0.4966840E+04,  0.2838195E+04
06/05/2011 11:45:24,  0.2000004E+02,  0.0000000E+00,  0.2000004E+03,  0.1375275E+03,  0.4813462E+04,  0.2750550E+04
06/05/2011 12:00:04,  0.1999985E+02,  0.0000000E+00,  0.1999985E+03,  0.1321342E+03,  0.4624698E+04,  0.2642685E+04
06/05/2011 12:15:28,  0.2000008E+02,  0.0000000E+00,  0.2000008E+03,  0.1059318E+03,  0.3707613E+04,  0.2118636E+04
06/05/2011 12:30:56,  0.2000009E+02,  0.0000000E+00,  0.2000009E+03,  0.8923603E+02,  0.3123261E+04,  0.1784721E+04
06/05/2011 12:45:04,  0.2000012E+02,  0.0000000E+00,  0.2000012E+03,  0.8611427E+02,  0.3014000E+04,  0.1722285E+04
06/05/2011 13:00:58,  0.2000013E+02,  0.0000000E+00,  0.2000013E+03,  0.8070171E+02,  0.2824560E+04,  0.1614034E+04
06/05/2011 13:15:18,  0.2000012E+02,  0.0000000E+00,  0.2000012E+03,  0.5002962E+02,  0.1751037E+04,  0.1000592E+04
06/05/2011 13:30:32,  0.2000004E+02,  0.0000000E+00,  0.2000004E+03,  0.1597699E+02,  0.5593301E+03,  0.3193793E+03
06/05/2011 13:45:38,  0.2000001E+02,  0.0000000E+00,  0.2000000E+03,  0.2648810E+01,  0.9298370E+02,  0.5266571E+02
06/05/2011 14:01:00,  0.1999998E+02,  0.0000000E+00,  0.1999998E+03,  0.3217321E+01,  0.1129012E+03,  0.6406336E+02
06/05/2011 14:15:25,  0.2000009E+02,  0.0000000E+00,  0.2000009E+03, -0.3345075E+02, -0.1169636E+04, -0.6709100E+03
06/05/2011 14:30:23,  0.2000007E+02,  0.0000000E+00,  0.2000007E+03, -0.7263403E+02, -0.2538709E+04, -0.1457226E+04
06/05/2011 14:45:46,  0.2000004E+02,  0.0000000E+00,  0.2000004E+03, -0.8407747E+02, -0.2935600E+04, -0.1687393E+04
06/05/2011 15:00:30,  0.1999999E+02,  0.0000000E+00,  0.2000000E+03, -0.7733685E+02, -0.2696304E+04, -0.1552483E+04
06/05/2011 15:15:00,  0.2000001E+02,  0.0000000E+00,  0.2000001E+03, -0.1085084E+03, -0.3774173E+04, -0.2178192E+04
06/05/2011 15:31:03,  0.2000003E+02,  0.0000000E+00,  0.2000003E+03, -0.1385707E+03, -0.4797623E+04, -0.2780139E+04
06/05/2011 15:45:37,  0.1999999E+02,  0.0000000E+00,  0.1999999E+03, -0.1454202E+03, -0.4993875E+04, -0.2913344E+04
06/05/2011 16:00:09,  0.1999990E+02,  0.0000000E+00,  0.1999990E+03, -0.1379125E+03, -0.4680756E+04, -0.2756225E+04
06/05/2011 16:15:02,  0.2000001E+02,  0.0000000E+00,  0.2000001E+03, -0.1480260E+03, -0.4938942E+04, -0.2947146E+04
06/05/2011 16:30:04,  0.1999998E+02,  0.0000000E+00,  0.1999998E+03, -0.1591765E+03, -0.5186739E+04, -0.3151523E+04
06/05/2011 16:46:03,  0.2000001E+02,  0.0000000E+00,  0.2000001E+03, -0.1481993E+03, -0.4680250E+04, -0.2912133E+04
06/05/2011 17:00:36,  0.2000005E+02,  0.0000000E+00,  0.2000005E+03, -0.1430271E+03, -0.4357711E+04, -0.2786187E+04
06/05/2011 17:15:36,  0.2000002E+02,  0.0000000E+00,  0.2000002E+03, -0.1385031E+03, -0.4062600E+04, -0.2673462E+04
06/05/2011 17:30:30,  0.2000003E+02,  0.0000000E+00,  0.2000004E+03, -0.1481836E+03, -0.4148427E+04, -0.2829325E+04
06/05/2011 17:45:23,  0.2000001E+02,  0.0000000E+00,  0.2000001E+03, -0.1482731E+03, -0.3942228E+04, -0.2798245E+04
06/05/2011 18:00:11,  0.2000002E+02,  0.0000000E+00,  0.2000002E+03, -0.1435342E+03, -0.3616810E+04, -0.2677184E+04
06/05/2011 18:15:49,  0.2000004E+02,  0.0000000E+00,  0.2000004E+03, -0.1310156E+03, -0.3117325E+04, -0.2414108E+04
06/05/2011 18:30:45,  0.2000004E+02,  0.0000000E+00,  0.2000004E+03, -0.1220039E+03, -0.2748521E+04, -0.2222948E+04
06/05/2011 18:45:24,  0.2000013E+02,  0.0000000E+00,  0.2000013E+03, -0.1154717E+03, -0.2470669E+04, -0.2082416E+04
06/05/2011 19:00:40,  0.1999994E+02,  0.0000000E+00,  0.1999993E+03, -0.1059429E+03, -0.2157849E+04, -0.1892261E+04
06/05/2011 19:15:24,  0.2000000E+02,  0.0000000E+00,  0.2000000E+03, -0.8405673E+02, -0.1629015E+04, -0.1487064E+04
06/05/2011 19:30:17,  0.2000002E+02,  0.0000000E+00,  0.2000001E+03, -0.6367271E+02, -0.1180247E+04, -0.1117048E+04
06/05/2011 19:45:06,  0.2000001E+02,  0.0000000E+00,  0.2000000E+03, -0.5484451E+02, -0.9805875E+03, -0.9557775E+03
06/05/2011 20:00:00,  0.2000005E+02,  0.0000000E+00,  0.2000005E+03, -0.5248609E+02, -0.9169512E+03, -0.9105140E+03
06/05/2011 20:15:01,  0.2000015E+02,  0.0000000E+00,  0.2000015E+03, -0.1768516E+02, -0.2099818E+03, -0.2912124E+03
06/05/2011 20:30:48,  0.2000009E+02,  0.0000000E+00,  0.2000008E+03,  0.1909906E+02,  0.7006620E+03,  0.3869612E+03
06/05/2011 20:45:47,  0.2000009E+02,  0.0000000E+00,  0.2000009E+03,  0.3589716E+02,  0.1256401E+04,  0.7179431E+03
06/05/2011 21:00:08,  0.2000007E+02,  0.0000000E+00,  0.2000008E+03,  0.3899388E+02,  0.1364786E+04,  0.7798776E+03
06/05/2011 21:15:02,  0.1999996E+02,  0.0000000E+00,  0.1999996E+03,  0.6869004E+02,  0.2404152E+04,  0.1373801E+04
06/05/2011 21:30:50,  0.2000016E+02,  0.0000000E+00,  0.2000016E+03,  0.9709604E+02,  0.3398361E+04,  0.1941921E+04
06/05/2011 21:45:44,  0.2000002E+02,  0.0000000E+00,  0.2000003E+03,  0.1004153E+03,  0.3514535E+04,  0.2008306E+04
06/05/2011 22:00:43,  0.2000008E+02,  0.0000000E+00,  0.2000008E+03,  0.9110331E+02,  0.3188616E+04,  0.1822066E+04
06/05/2011 22:15:34,  0.2000006E+02,  0.0000000E+00,  0.2000006E+03,  0.1026698E+03,  0.3593442E+04,  0.2053395E+04
06/05/2011 22:30:34,  0.2000007E+02,  0.0000000E+00,  0.2000007E+03,  0.1244510E+03,  0.4355784E+04,  0.2489019E+04
06/05/2011 22:45:49,  0.2000007E+02,  0.0000000E+00,  0.2000007E+03,  0.1283578E+03,  0.4492524E+04,  0.2567156E+04
06/05/2011 23:00:07,  0.2000008E+02,  0.0000000E+00,  0.2000009E+03,  0.1218429E+03,  0.4264501E+04,  0.2436859E+04
06/05/2011 23:16:09,  0.2000012E+02,  0.0000000E+00,  0.2000012E+03,  0.1197715E+03,  0.4192003E+04,  0.2395431E+04
06/05/2011 23:30:08,  0.2000008E+02,  0.0000000E+00,  0.2000008E+03,  0.1241553E+03,  0.4345436E+04,  0.2483106E+04
06/05/2011 23:45:40,  0.2000008E+02,  0.0000000E+00,  0.2000008E+03,  0.1181537E+03,  0.4135380E+04,  0.2363074E+04
07/05/2011 00:00:57,  0.2000000E+02,  0.0000000E+00,  0.2000000E+03,  0.1077694E+03,  0.3771930E+04,  0.2155389E+04
